{
    "loss": 3.2088675498962402,
    "accuracy": 0.983660101890564
}