{
    "loss": 0.33680275082588196,
    "accuracy": 0.9331395626068115
}