{
    "loss": 24.292144775390625,
    "accuracy": 0.16860465705394745
}